JOB_Title,COMPANY_Name,WORK_Time,JOB_LocSEO Specialist , Confidential - , Full Time , 10th of Ramadan City, Cairo, Egypt
SEO Manager , Confidential - , Full Time , Nasr City, Cairo, Egypt
SEO Specialist - Real Estate , Concept Properties - , Full Time , New Cairo, Cairo, Egypt
Senior SEO Specialist , Cultark - , Full Time , New Cairo, Cairo, Egypt
Wordpress & SEO Specialist , New Event - , Full Time , New Cairo, Cairo, Egypt
SEO Specialist , Concept Property - , Full Time , Sheikh Zayed, Giza, Egypt
Content Writer - Search Engine Optimization (SEO) Internship , STEP - , Internship , New Cairo, Cairo, Egypt
SEO Specialist , RAQAMYAT - , Full Time , Cairo, Egypt
SEO Content Writer , Roaya - , Full Time , Maadi, Cairo, Egypt
Off-Page SEO Specialist , Casita - , Full Time , Dokki, Giza, Egypt
SEO Specialist , Izam, inc. - , Full Time , Mohandessin, Giza, Egypt
Search Engine Optimization Specialist (SEO) , Confidential - , Full Time , Maadi, Cairo, Egypt
SEO & Marketing Expert , Union Coop - , Full Time , Dokki, Giza, Egypt
SEO Specialist , Confidential - , Full Time , Sheikh Zayed, Giza, Egypt
Search Engine Optimization Specialist (SEO) , Al-Ain News - , Full Time , Smouha, Alexandria, Egypt
